Size,Time
80000,11.0363438129
180000,26.0396318436
280000,40.3487291336
380000,54.9013621807
480000,68.9151000977
580000,83.6926100254
680000,97.6503689289
780000,112.64090085
880000,129.725217819
